firstname,lastname,ssn,email,phone,address,city,state,zipcode,country
Alejandro,Hess,124-49-3321,brownmichael@sanders.com,+1-165-650-7700x766,8654 Kimberly Creek,Morenoshire,Tennessee,46612,Dominica
Chelsea,Yates,180-11-1218,robertsonsydney@mason.com,892-953-8183x21457,876 James Fall Suite 029,Gonzalezfurt,Tennessee,63908,Egypt
Gregory,Fuller,477-55-1508,wtaylor@alexander-miller.biz,249.313.7788,14648 Johnson Views Apt. 567,North Reneeport,Hawaii,47203,Barbados
Jessica,Gonzalez,078-11-2458,wilsonvictoria@gallagher-young.com,440.377.3078x61132,526 Dylan Ranch Suite 636,Cohenview,Florida,12541,Canada
Travis,Miles,730-23-9519,vlucas@hotmail.com,871.903.2363,428 Burgess Street Suite 133,Smithmouth,Rhode Island,64256,Saint Lucia
Katherine,Peterson,863-55-6244,brenda81@wade-pineda.com,6764453060,44422 Allen Union Suite 871,West Julie,Kentucky,14503,Mali
Nicholas,Miller,802-07-1263,cassandraperkins@hotmail.com,653-341-2890x286,228 Samuel River,North Kellyton,Maryland,10611,Gibraltar
Samuel,Hess,430-71-0268,olsonamy@campbell.net,050-960-2626x514,76627 Soto Spring,Michaelstad,South Dakota,19652,Saint Vincent and the Grenadines
James,Jordan,272-85-3395,burgesskayla@gmail.com,+1-937-601-7347,37726 Andrea Route Apt. 968,Johnland,Iowa,75769,Gambia
Jacob,Marshall,055-86-4201,jacksonrose@hotmail.com,(077)477-6835x950,795 Snyder Ville Suite 175,Andradeton,South Dakota,24686,Maldives
Jennifer,Mcmillan,378-65-5296,lyonstracie@gmail.com,031-307-2940x6205,184 Grant Fork Suite 579,New Christina,Wyoming,58705,Mongolia
Jack,Moore,091-20-0579,larnold@gmail.com,223.492.0771x0889,29592 Willis Crossroad Apt. 736,Wendytown,Rhode Island,91212,Tonga
Crystal,Salazar,432-92-4308,glorialewis@hamilton.com,093.961.5148,3073 Leslie Fields Suite 310,Loriton,Colorado,29552,Namibia
Crystal,Jones,332-92-7862,dennisnathaniel@hotmail.com,001-306-286-0888x245,29871 Williams Passage,North Jason,Connecticut,72044,Bolivia
Benjamin,Campbell,230-45-7013,leslie33@yahoo.com,(016)936-4994x0991,31728 Mark Underpass Apt. 899,Powellside,New York,65708,French Guiana
Cassidy,Taylor,229-94-0273,mccarthysean@gmail.com,555-386-4731x1746,2685 Fuller Cliff Suite 352,East Deborah,Utah,62647,Congo
Todd,Sellers,849-28-5440,joseph15@wood.biz,001-039-720-1254x394,76593 Brenda Fork,Walshfurt,Nebraska,49492,United Kingdom
Tammy,Allen,349-30-1185,tracy97@williams.org,719.315.1903x8111,1032 Burgess Brook Suite 183,Smithmouth,Utah,54222,Finland
Jeanette,Rubio,092-75-7436,bethcunningham@braun-jones.net,(735)918-8594,412 Brittany Lock,Daniellehaven,Florida,57189,Serbia
Samuel,Manning,560-95-6567,afoley@hotmail.com,273-908-0393x514,26296 Brittany Cape,East Mollybury,Virginia,30386,Paraguay
Rebecca,Horton,722-11-7657,lmorris@gmail.com,+1-798-407-9510x290,6729 Mitchell Way,Smithborough,Nebraska,84141,United States Virgin Islands
April,Potts,052-47-5479,amy69@gmail.com,263-112-8677x9041,313 Brandon Roads,Fuentesside,Alabama,17904,Saint Barthelemy
Francisco,Neal,030-61-8242,dunnwendy@yahoo.com,001-177-423-6741x1707,98203 Johnson River,Collinfurt,Pennsylvania,26503,Guadeloupe
Kathy,Butler,176-96-4592,dawn93@gmail.com,404.955.2427x975,4289 Thomas Mountains Suite 627,Kimberlyside,Utah,79430,Saint Martin
Roberto,Jenkins,445-72-3817,candace34@gmail.com,550-497-9259x7859,07313 Elizabeth Trail,Hodgestad,Kansas,76339,United Kingdom
Rhonda,Ward,661-63-3523,anthonydavis@yahoo.com,139-251-7749,5084 Ferguson View,Bookerside,Nevada,94664,Comoros
Erik,Rodriguez,866-82-7855,tiffany40@barnett.com,492-455-8345x49991,4124 Kristin Extensions,Williamsonborough,Utah,57307,United Arab Emirates
David,Mitchell,065-19-9210,penny64@hotmail.com,(086)613-3065x72396,1647 Tyler Fort,Chaneyton,Montana,85383,Reunion
Jacqueline,Sullivan,639-45-3840,muellerpeter@gmail.com,(088)953-0565,950 Aaron Lane Apt. 705,South John,Utah,27226,Nepal
Sarah,Brown,514-33-2300,david23@hotmail.com,(672)731-4268,0535 Angela Islands Apt. 164,East Jacobmouth,Connecticut,38676,Bahrain
Mark,Johnson,892-98-1849,zacharystokes@mills-smith.com,001-806-740-6855x806,379 Freeman Mills,Lake Danielle,Minnesota,38175,Yemen
Raymond,Green,736-14-3052,showell@wilson.com,966-844-7368x0507,913 Tom Hills Suite 432,Edwardston,Minnesota,47137,Slovakia (Slovak Republic)
Hannah,Mejia,602-61-7569,jessica69@lopez.biz,549-126-7765,49560 Tyler Plains Apt. 784,Charlesside,Minnesota,29147,Gibraltar
Kimberly,Thomas,069-28-0708,amandaking@gmail.com,6188567444,736 Shaw Lock Apt. 590,Moralesmouth,Virginia,79193,Kiribati
Eric,Macias,748-93-5655,butlermichael@yahoo.com,0192304096,7872 Christopher Locks,East Annette,North Dakota,28061,Tanzania
Alexandra,Ellis,644-89-9823,katherinerussell@gmail.com,359.479.8120,6932 Cesar Underpass,Morrisburgh,Rhode Island,71028,Japan
Jenna,Ramirez,291-78-1267,jonesstephanie@yahoo.com,952-116-2772x692,4711 Peters Cape Suite 018,Lake Emily,Hawaii,84122,Japan
Amber,Moreno,884-23-0502,mmoran@gmail.com,2916287420,526 Michelle Stream Suite 977,Lawrencefurt,Colorado,32716,Svalbard & Jan Mayen Islands
Sara,Blair,114-69-7759,kirsten14@gmail.com,+1-814-007-8362x7085,1842 Sarah Stravenue Suite 640,New Carolyn,Wyoming,18615,Belarus
Kyle,Burns,158-53-6534,fernandoclayton@smith.org,5446809251,3683 Alicia Falls Suite 424,Finleyburgh,Illinois,09114,Trinidad and Tobago
William,Norris,808-86-1322,samantha11@yahoo.com,2966306380,855 Wilson Heights Apt. 472,Adamsberg,Ohio,40820,Martinique
Stephen,Jackson,530-66-7545,jmartinez@rice-wilson.com,433-003-3824x326,191 Oconnor Cliffs,West Megan,Montana,37620,Namibia
Alex,Smith,479-47-1220,twood@gmail.com,422.998.6910x75442,5609 Morgan Causeway Suite 553,Hicksside,Utah,82257,Taiwan
Thomas,Wright,341-73-4856,michael84@gonzalez.org,287-239-2747x6168,64377 Eduardo View Suite 398,Conradchester,Utah,47746,Heard Island and McDonald Islands
Sarah,Ward,347-53-2607,david26@jones.org,243-755-8765,235 Jackson Camp Apt. 064,Port Sherri,Pennsylvania,13742,Angola
Caitlin,Christian,824-06-5733,hallzachary@hotmail.com,+1-987-972-8858x61919,5454 Jeffrey Junctions Apt. 680,Port Elizabeth,Alaska,02245,Palau
Eugene,Williams,804-60-0585,mward@hotmail.com,001-050-300-9440x5166,38195 Hernandez Ports,North Daniel,Alaska,38918,Peru
William,Mccarthy,782-26-3884,brianjohnson@gmail.com,521.098.0781,06636 Huang Spurs Apt. 528,North Davidchester,North Dakota,16349,Thailand
Laurie,Price,768-87-2058,qtucker@brennan.biz,1301470536,82091 Moore Green,Port Donnaport,South Carolina,74066,Tokelau
Suzanne,Rivera,319-78-7962,victoria55@shields.com,+1-851-207-6456x647,700 Laura Camp Apt. 104,Brianchester,Oregon,76522,India
Kevin,Barrett,182-40-6155,adam77@harvey.com,9323809581,596 Shannon Expressway,East Jennifer,Maine,90295,Burkina Faso
Stephanie,Ibarra,745-83-5184,ldouglas@gmail.com,+1-697-806-8156x88275,7253 Nelson Ford Apt. 954,East Martha,Tennessee,01015,Argentina
Lisa,Reynolds,817-89-1020,brenda11@moore-bryant.com,001-222-200-9040,16867 Mejia Plains,East Aprilfurt,Ohio,42759,Iceland
Erin,Carter,422-23-9810,smithcarolyn@gmail.com,+1-139-564-3389,519 Flores Creek,South Elizabethstad,North Carolina,65579,Colombia
Mike,Hudson,408-13-5423,ubailey@yahoo.com,+1-496-276-3442,332 Black Wells,East Huntertown,Utah,16394,Papua New Guinea
Sharon,Rivera,321-76-7247,kevinhernandez@lozano.net,(216)273-8632,37146 Tammy Ferry,East Michaelport,South Carolina,16790,Bulgaria
Lauren,Bryant,271-31-4112,csherman@yahoo.com,658.222.0364x6564,536 Kelly Alley,Mckenzieborough,Wyoming,25360,Monaco
Jennifer,Osborne,698-35-7620,cynthia96@hopkins-phillips.biz,(684)777-7685,2296 Smith Rest,East Aaron,Oregon,47813,Austria
Adam,Patel,603-90-6222,amy86@nolan.net,(063)584-1762x973,8869 Michael Lake Apt. 171,New Amanda,South Dakota,94192,Andorra
Lisa,Fields,584-93-6848,bking@goodwin-farley.org,+1-439-762-2422x040,65973 Harrington Vista Suite 285,East Paul,Pennsylvania,86302,Nepal
Renee,Rodriguez,303-65-6312,waltersmith@hotmail.com,001-619-781-4671x4227,320 Wiggins Stream,Courtneyville,Florida,89714,Congo
David,Hopkins,235-60-9339,jason97@barton-burnett.biz,(561)624-6059,37395 Tommy Light,Changmouth,New Mexico,23733,Saint Helena
Steven,Mcdonald,381-25-3670,twallace@gmail.com,736-999-3460x50721,724 Robert Park Suite 989,East Mariatown,Kansas,26183,Mexico
Danielle,Lin,502-72-0759,angelicafrederick@hudson.info,(231)690-3493,496 Perry Roads Apt. 145,New David,Hawaii,92986,British Virgin Islands
Jasmin,Fletcher,547-74-6747,brooksclayton@patel.com,(876)332-3485x8446,45049 Nicholas Mountains,Port Mitchellside,Indiana,28746,Colombia
Christine,Jenkins,306-42-7426,laurabradley@gmail.com,001-146-333-9893,099 Lauren Village,West Lauraland,Alaska,70317,Macedonia
Kevin,Shaw,540-02-4560,jeremylyons@burke-galloway.info,760.798.1104x742,346 Hughes Tunnel,South Joelborough,Georgia,29558,Bermuda
Alyssa,Elliott,665-61-1387,xramirez@wilson-kennedy.biz,(873)675-3071,92446 Miller Light Apt. 153,West Danielle,California,10103,Chile
Michelle,Adkins,172-48-1714,bryantchristopher@hotmail.com,373-204-7207x396,99873 Wilson Expressway Apt. 984,Ericberg,Wisconsin,78741,Jordan
Kimberly,Hanna,433-54-0054,kstrickland@gmail.com,814.736.5054x152,06747 Robles Prairie Apt. 728,Barnesburgh,Louisiana,38593,Burundi
Joseph,Rosales,893-68-6710,gmcmillan@hotmail.com,+1-666-910-2422x8396,87598 Barr Cove,New James,Alaska,42540,Bouvet Island (Bouvetoya)
Laura,Torres,804-80-3515,justin15@yahoo.com,838-971-1657,6809 Glenn Roads,Coleside,Delaware,87049,Haiti
Heather,Gutierrez,078-24-2876,olopez@christian.net,950.223.4476,8853 Stephen Creek,North Anthony,New Jersey,53542,Egypt
Ashley,Tucker,147-49-6764,rbrown@kennedy.com,687-036-4322x740,9221 Grimes Tunnel,Port Robert,Virginia,30911,Saint Helena
Stacey,Nichols,408-48-4346,david77@martinez.info,+1-508-443-1792x55802,83090 Drake Shoals Apt. 432,East Nancy,Washington,16714,Lao People's Democratic Republic
Daniel,Castro,008-93-0247,allison68@hotmail.com,9165589324,18062 Mary Point Suite 345,Chambersstad,Florida,49096,Sierra Leone
Donna,Porter,517-38-6326,wtodd@hotmail.com,(602)696-9499x969,85055 Ramirez Valley Apt. 837,Cynthiahaven,Nebraska,63907,Ghana
Kaitlyn,Davis,158-29-1464,leeashley@curtis-daugherty.com,(753)882-2753x8755,083 Morrow Junctions Apt. 140,Shelleyberg,South Carolina,87774,Cote d'Ivoire
Joshua,Robinson,087-86-8537,martinbrenda@bradley.com,035-518-5134x886,588 Mckenzie River Suite 601,Karimouth,Alabama,91130,American Samoa
Gregory,Hernandez,217-90-6245,joelmann@richmond.com,(397)406-0540x127,4125 Mary Estates,North Desireemouth,Utah,45607,San Marino
Melanie,Matthews,341-80-2342,rreynolds@diaz-king.com,001-604-885-8506x543,55976 Walker Via,Stewartview,Nevada,37893,Tokelau
Denise,Lee,803-12-0399,rbradford@hotmail.com,001-568-925-4759x08418,591 Moore Center Apt. 281,South Ryan,Arizona,62903,Kazakhstan
Charles,Sheppard,331-36-5706,kennedyallison@gmail.com,+1-078-037-9378,4584 Arthur Roads,Port Melody,Alabama,03128,Uzbekistan
Russell,Nichols,173-04-3240,laurenmartin@hotmail.com,218-459-2387,9187 Beth Station,New Zachary,Pennsylvania,92808,Sao Tome and Principe
Alan,Bowman,384-52-8659,yfrazier@palmer.net,001-982-592-1525,104 Pratt Harbors Apt. 914,Lake Earl,Minnesota,53530,Micronesia
Morgan,Burnett,103-07-6620,martinryan@mcdonald.com,+1-697-147-5068x08663,577 Olson Summit Apt. 052,New Laura,Oklahoma,81181,Haiti
Steven,Spencer,844-58-5347,darrylhatfield@hotmail.com,(195)409-2823,38481 Christine Forge Suite 825,Ortizburgh,Alaska,49917,Nauru
Amanda,Burch,189-14-8085,brauncaleb@roy.org,(041)122-4279x63476,158 May Wall Apt. 071,North Patrickfurt,Indiana,59417,French Guiana
Mark,Gray,250-22-6492,nicholasjohnston@yahoo.com,(230)146-6824,4975 Edward Centers Suite 227,North Victoriashire,California,86287,Russian Federation
Todd,Chen,791-57-1922,ecampbell@johnston.net,(887)057-0983,88060 Stevenson Camp,Port Deannafurt,Minnesota,12153,Guyana
Katie,Perry,597-46-7806,webbamy@hotmail.com,001-662-900-1785x8356,81280 Ayers Green Suite 905,New Williamstad,Mississippi,32927,Albania
Brandon,Clark,143-56-6485,ithomas@thomas.com,+1-936-478-1137x9607,3971 Robin Viaduct Apt. 102,Duncanmouth,South Dakota,37442,Egypt
Danielle,Little,014-59-3348,barbararogers@yahoo.com,735-972-9667x7655,87661 Lozano Roads,Michaelfort,Nevada,90437,Belgium
Brenda,Cook,477-88-5081,danielmendoza@yahoo.com,194-421-8071,7700 Williams Forge Suite 954,West Sarahton,Maine,98351,Ecuador
Rebecca,Morgan,262-61-9402,dixonelizabeth@foley-roberts.info,+1-819-813-9940,520 Wilson Summit Suite 714,New Shawntown,California,73246,American Samoa
Taylor,Hill,574-05-0655,zachary73@hotmail.com,(647)364-1565,334 Jessica Falls,Gilmorechester,Colorado,16396,United States Virgin Islands
Adam,Reed,564-37-5693,nicole88@hotmail.com,887.894.0092x3442,6658 Chelsea Mews Suite 256,Riveraburgh,Illinois,29307,Bhutan
Linda,Houston,358-07-6928,david21@hotmail.com,984-277-8045x213,36604 Morgan Estate Apt. 853,Sellersport,Pennsylvania,96294,Bouvet Island (Bouvetoya)
Kimberly,Avery,402-79-2999,cookcourtney@hotmail.com,001-818-861-1722x052,20671 Lambert Street Apt. 659,Robertsonton,Idaho,28520,Western Sahara
Susan,Caldwell,290-94-3192,mcdonaldsarah@mcpherson.com,(950)807-4678x184,5781 Theodore Fords,New Rachel,Rhode Island,48833,Cuba
